character_id,move_name,category,command,damage,startup_frames,active_frames,recovery_frames,range,meter_cost,property,implementation_notes
RYUJI,Dragon Impact / 龍撃拳,Special,↓↘→ + P,80,14,3,22,Mid,0,Projectile,Red forward shockwave; standard zoning tool.
RYUJI,Crimson Rise / 紅蓮昇,Special,→↓↘ + P,110,6,6,30,Close,0,Anti-Air,Invulnerable early frames; strong anti-air.
RYUJI,Gale Kick / 烈風脚,Special,↓↙← + K,95,11,7,20,Mid,0,Advancing,Forward-moving roundhouse; combo ender.
RYUJI,Dragon Rush / 龍神連撃,Special,↓↘→ + K,120,9,12,25,Close,20,Combo,Multi-hit rush; spends meter for safer pressure.
RYUJI,True Dragon God Strike / 真・龍神撃,Super,↓↘→ ↓↘→ + P,330,7,25,45,Mid,100,Super,Cinematic rush ending in a large red impact wave.
LUNA,Crimson Heel,Special,↓↘→ + K,85,8,4,18,Mid,0,Overhead-ish,Fast heel attack; pressure tool.
LUNA,Rose Spin,Special,↓↙← + K,90,9,10,19,Close,0,Multi-hit,Spinning kick; combo extender.
LUNA,Scarlet Step,Special,→→ + K,40,6,3,14,Close,0,Mobility,Fast step attack; side-switch potential.
LUNA,Red Mirage,Special,↓↘→ + P,75,12,6,17,Mid,20,Feint/Mix-up,Feint into two selectable kick follow-ups.
LUNA,Crimson Waltz,Super,↓↘→ ↓↘→ + K,300,5,30,38,Close,100,Super,Rapid dance-like kick sequence into aerial finisher.
JACK,Iron Jab,Special,↓↘→ + P,120,10,4,22,Close,0,Armor,Heavy straight; one-hit armor on heavy version.
JACK,Breaker Hook,Special,→↓↘ + P,145,12,5,28,Close,0,Guard Break,Slow hook with high guard damage.
JACK,Ground Crusher,Special,↓↙← + P,105,18,5,30,Mid,0,Shockwave,Ground punch creates short-range shockwave.
JACK,Iron Rush,Special,←→ + P,135,16,8,26,Mid,20,Advancing Armor,Armored charge punch.
JACK,Last Round,Super,↓↘→ ↓↘→ + P,380,8,24,48,Close,100,Super,"Body blow, hook, then devastating straight."
MEILIN,Flowing Moon / 流月,Special,↓↙← + P,70,5,5,16,Close,0,Counter,Counters high/mid strikes; low damage but strong advantage.
MEILIN,Wind Flower Palm / 風華掌,Special,↓↘→ + P,85,13,4,19,Mid,0,Palm Wave,Short chi palm burst.
MEILIN,Mist Reversal / 霞返し,Special,↓↙← + K,60,10,4,17,Close,0,Side Switch,Evades and moves behind opponent if timed well.
MEILIN,Water Mirror / 水鏡,Special,↓ + P+K,0,3,18,12,Self,20,Stance,Brief counter stance; boosts next punish.
MEILIN,Moonflower: Eightfold Mist / 月華・八重霞,Super,↓↙← ↓↙← + P,310,4,28,34,Close,100,Counter Super,Full counter into multi-palm cinematic sequence.
KAI,Storm Wheel,Special,↓↘→ + K,95,10,9,19,Mid,0,Spin Kick,Advancing capoeira spin.
KAI,Sky Samba,Special,↓↓ + K,105,8,10,24,Close,0,Anti-Air,Handstand sequence with rising kicks.
KAI,Wind Step,Special,↓↙← + K,35,5,4,12,Close,0,Low Profile,Low-profile movement into optional follow-up.
KAI,Cyclone Heel,Special,Air ↓↘→ + K,115,9,6,20,Air,20,Dive Kick,Air-to-ground rotating heel attack.
KAI,Carnival Storm,Super,↓↘→ ↓↘→ + K,320,6,34,40,Mid,100,Super,Ground-to-air capoeira barrage.
AKARI,Shadow Dash,Special,↓↘→ + K,45,5,3,11,Mid,0,Teleport Dash,Fast displacement; follow-up attack available.
AKARI,Violet Edge,Special,↓↘→ + P,70,10,3,17,Long,0,Projectile,Fast kunai throw.
AKARI,Phantom Drop,Special,Air ↓ + K,100,7,5,19,Air,0,Dive Attack,Fast downward strike.
AKARI,Shadow Clone,Special,↓↙← + P,55,13,5,14,Mid,20,Feint,Creates afterimage and selectable left/right follow-up.
AKARI,Purple Shadow: Zero Form / 紫影・零式,Super,↓↘→ ↓↘→ + P,305,4,38,34,Mid,100,Super,High-speed multi-angle assassination sequence.
VIKTOR,Volkov Throw,Special,→↘↓↙← + P,165,6,2,28,Grab,0,Command Grab,Core close-range command throw.
VIKTOR,Bear Crusher,Special,→↘↓↙← + K,185,8,2,32,Grab,20,Command Grab,Higher-damage grab; slower startup.
VIKTOR,Iron Lariat,Special,↓↘→ + P,125,13,9,25,Mid,0,Armor,Advancing lariat with armor.
VIKTOR,Siberian Drop,Special,Air P+K,150,5,2,30,Air Grab,0,Air Throw,Anti-air command grab.
VIKTOR,Final Avalanche,Super,→↘↓↙← → + P,410,7,30,55,Grab,100,Super Throw,Cinematic chain of throws ending in massive slam.
NOIR,Void Hand,Special,↓↘→ + P,95,12,5,20,Long,0,Projectile,Blue-black energy projectile.
NOIR,Phase Shift,Special,↓↙← + K,30,4,2,12,Variable,10,Teleport,Short teleport with optional strike.
NOIR,Dark Rift,Special,↓↘→ + K,110,16,6,24,Long,20,Spatial Attack,Rift appears at targeted range.
NOIR,Gravity Hold,Special,↓↙← + P,65,15,12,28,Mid,30,Control,Brief pull/stun; scales heavily in combos.
NOIR,Zero Dimension,Super,↓↘→ ↓↘→ + P+K,360,5,40,46,Full,100,Super,Screen-darkening spatial distortion combo.
